meal,servings,name,amount,unit,notes
Spaghetti alla Puttanesca,2,spaghetti,200g / 7oz,,or other long pasta
Spaghetti alla Puttanesca,2,extra virgin olive oil,2,tbsp,plus more for drizzling
Spaghetti alla Puttanesca,2,garlic cloves,2,,"finely minced (knife, not garlic press)"
Spaghetti alla Puttanesca,2,anchovy fillets,3,,finely minced (Note 1)
Spaghetti alla Puttanesca,2,pitted black olives,1/4,cup,"preferably in oil, quartered (Note 2)"
Spaghetti alla Puttanesca,2,capers,1,tbsp,drained (Note 3)
Spaghetti alla Puttanesca,2,chilli flakes,1/4,tsp,(red pepper flakes)
Spaghetti alla Puttanesca,2,can crushed tomato,400g / 14oz ,,(or hand crush whole canned tomatoes)
Spaghetti alla Puttanesca,2,water,1/2,cup,
Spaghetti alla Puttanesca,2,fresh oregano,1,tsp,roughly chopped (sub 1/4 tsp dried)
Spaghetti alla Puttanesca,2,kosher / cooking salt,1/8,tsp,(or 2 pinches table salt)
Spaghetti alla Puttanesca,2,black pepper,1/8,tsp,
Spaghetti alla Puttanesca,2,sugar,1/4,tsp,"if needed (depends on tomato quality, Note 4)"
Spaghetti alla Puttanesca,2,fresh basil,2,tbsp,roughly chopped (Note 6)
Panzanella (Italian tomato & bread salad),4,stale bread,4 – 5 cups,(loosely packed),"torn into 2.5cm/1” chunks (~180g/6 oz, depending on bread used)"
Panzanella (Italian tomato & bread salad),4,extra virgin olive oil,1,tbsp,
Panzanella (Italian tomato & bread salad),4,medium tomatoes,4,,(Note 1)
Panzanella (Italian tomato & bread salad),4,cooking/kosher salt,1,tsp,(or 3/4 tsp table salt)
Panzanella (Italian tomato & bread salad),4,Lebanese cucumbers,2,,"(or 1 long telegraph/English cucumber), peeled (optional) (Note 3)"
Panzanella (Italian tomato & bread salad),4,basil leaves,1,cup,loosely packed
Panzanella (Italian tomato & bread salad),4,red or white wine vinegar,2,tbsp,(Note 4 for other options)
Panzanella (Italian tomato & bread salad),4,Dijon mustard,1,tsp,
Panzanella (Italian tomato & bread salad),4,extra virgin olive oil,8,tbsp,the best you can afford
Panzanella (Italian tomato & bread salad),4,garlic,1 1/2,tsp,finely minced (~1 large or 2 small)
Panzanella (Italian tomato & bread salad),4,salt,1/4,tsp,
Malfatti (Italian spinach ricotta dumplings),4,olive oil,2,tbsp,
Malfatti (Italian spinach ricotta dumplings),4,garlic cloves,2,,finely minced
Malfatti (Italian spinach ricotta dumplings),4,onion,1/2,,very finely diced
Malfatti (Italian spinach ricotta dumplings),4,crushed tomato,800g / 24 oz,,(or diced)
Malfatti (Italian spinach ricotta dumplings),4,tomato paste,1,tbsp,
Malfatti (Italian spinach ricotta dumplings),4,water,1/2,cup,
Malfatti (Italian spinach ricotta dumplings),4,basil stem,1,,(leaves kept for the Malfatti)
Malfatti (Italian spinach ricotta dumplings),4,white sugar,1/2,tsp,
Malfatti (Italian spinach ricotta dumplings),4,salt,3/4,tsp,
Malfatti (Italian spinach ricotta dumplings),4,black pepper,1/2,tsp,
Malfatti (Italian spinach ricotta dumplings),4,baby spinach,300g / 10oz ,,"(~6 tightly packed cups, Note 4)"
Malfatti (Italian spinach ricotta dumplings),4,salt,1/2,tsp,
Malfatti (Italian spinach ricotta dumplings),4,olive oil,1,tbsp,
Malfatti (Italian spinach ricotta dumplings),4,garlic,2,cloves,finely minced
Malfatti (Italian spinach ricotta dumplings),4,eschallot,1,,"(large), finely chopped (or 1/2 red onion)"
Malfatti (Italian spinach ricotta dumplings),4,ricotta,500g / 1 lb,,"(must be dry type, not wet and spreadable, Note 1)"
Malfatti (Italian spinach ricotta dumplings),4,"(lightly packed) basil leaves, finely sliced",1/4,cup,(use stem for sauce)
Malfatti (Italian spinach ricotta dumplings),4,egg,1,,(Note 2)
Malfatti (Italian spinach ricotta dumplings),4,egg yolk,1,,(Note 2)
Malfatti (Italian spinach ricotta dumplings),4,parmesan,1,cup,finely grated
Malfatti (Italian spinach ricotta dumplings),4,flour,1/2,cup,plain / all-purpose
Malfatti (Italian spinach ricotta dumplings),4,salt,1/2,tsp,
Malfatti (Italian spinach ricotta dumplings),4,black pepper,1/2,tsp,
Malfatti (Italian spinach ricotta dumplings),4,parmesan,1/4,cup,finely grated
Malfatti (Italian spinach ricotta dumplings),4,Basil leaves,,,small (optional)
"Italian Almond Cookies (Gluten free biscuits, Ricciarelli)",20, almond meal or blanched ground almonds,2,cups,(Note 1)
"Italian Almond Cookies (Gluten free biscuits, Ricciarelli)",20,caster / superfine sugar,1/2,cup,(Note 2)
"Italian Almond Cookies (Gluten free biscuits, Ricciarelli)",20,lemon zest,2,tsp,(1 lemon)
"Italian Almond Cookies (Gluten free biscuits, Ricciarelli)",20,natural almond extract,3,drops,
"Italian Almond Cookies (Gluten free biscuits, Ricciarelli)",20,salt,1/8,tsp,
"Italian Almond Cookies (Gluten free biscuits, Ricciarelli)",20,dried cherries,1/2,cup,chopped (Note 3)
"Italian Almond Cookies (Gluten free biscuits, Ricciarelli)",20,egg whites,2,,"at room temperature (from 2 large eggs, Note 4)"
"Italian Almond Cookies (Gluten free biscuits, Ricciarelli)",20,honey,2,tsp,
"Italian Almond Cookies (Gluten free biscuits, Ricciarelli)",20,Extra egg white,1,,
"Italian Almond Cookies (Gluten free biscuits, Ricciarelli)",20,flaked almonds,1 1/2,cups,
Eggplant Parmigiana,8,large eggplants (aubergines) – about 5,1.8kg / 2.6lb,,"sliced lengthways 8mm (1/3"")-thick (skin on, Note 1)"
Eggplant Parmigiana,8,olive oil,1/4,cup,(for brushing)
Eggplant Parmigiana,8,parmesan,1 2/3,cups,finely grated
Eggplant Parmigiana,8,basil leaves,2,cups,"(loosely packed), stalks reserved"
Eggplant Parmigiana,8,mozzarella,1 1/2,cups,shredded (for topping) (Note 2)
Eggplant Parmigiana,8,extra virgin olive oil,2,tbsp,
Eggplant Parmigiana,8,onion,1,,finely diced
Eggplant Parmigiana,8,garlic cloves,5,,finely minced
Eggplant Parmigiana,8,tomato passata,600ml / 20oz ,,(Note 3)
Eggplant Parmigiana,8,canned tomatoes,400g/ 14oz,,crushed or finely chopped (Note 4)
Eggplant Parmigiana,8,white sugar,1 1/2,tsp,
Eggplant Parmigiana,8,fresh oregano,1 1/2,tbsp,"finely chopped (or 1/2 tsp dried oregano, or 1 sprig fresh basil)"
Eggplant Parmigiana,8,water,1,cup,
Eggplant Parmigiana,8,salt,3/4,tsp,
Eggplant Parmigiana,8,black pepper,1/4,tsp,
Salsa Verde,1,green basil,1,cup,packed
Salsa Verde,1,parsley,3/4,cup,flatleaf; packed
Salsa Verde,1,mint leaves,1/2,cup,packed
Salsa Verde,1,gherkins,2,tbsp,roughly chopped
Salsa Verde,1,capers,1/2,tbsp,
Salsa Verde,1,dijon mustard,1,tsp,
Salsa Verde,1,red wine vinegar,1/2,tbsp,
Salsa Verde,1,extra virgin olive oil,4,tbsp,
Salsa Verde,1,salt,1/4,tsp,
Salsa Verde,1,ice cube – for loosening but keeps the mixture green.,1,,
Focaccia recipe (it's incredible),6,bread flour,1 2/3,cups,(Note 1)
Focaccia recipe (it's incredible),6,white sugar,4,tsp,
Focaccia recipe (it's incredible),6,salt,1 1/4,tsp,kosher/cooking salt
Focaccia recipe (it's incredible),6,instant / rapid rise yeast,1,tsp,(Note 2)
Focaccia recipe (it's incredible),6,very warm water,3/4,cup,(~40℃ /104℉)
Focaccia recipe (it's incredible),6,extra virgin olive oil,1 1/2,tbsp,
Focaccia recipe (it's incredible),6,boiled and mashed potato,125g/ 1/2 cup, (packed),around 1/2 large potato; floury variety (Note 3)
Focaccia recipe (it's incredible),6,extra virgin olive oil,4,tbsp,
Focaccia recipe (it's incredible),6,sea salt flakes,1/4,tsp,(Note 4)
Focaccia recipe (it's incredible),6,garlic cloves,5,,cut into fine batons (Note 5)
Focaccia recipe (it's incredible),6,extra virgin olive oil,3/4,cup,
Focaccia recipe (it's incredible),6,finely chopped rosemary leaves,2 1/2,tsp,(fresh)
Focaccia recipe (it's incredible),6,cherry tomatoes,12 – 14,,red
Focaccia recipe (it's incredible),6,dried oregano leaves,3/4,tsp,(or 2 1/2 tsp finely chopped rosemary leaves)
Focaccia recipe (it's incredible),6,kalamata olives,16 – 18,,pitted
Focaccia recipe (it's incredible),6,dried oregano leaves,3/4,tsp,(or 2 1/2 tsp finely chopped rosemary leaves)
Acqua Pazza - Italian Poached Fish,2,"snapper fillets, or other white fish,",2,x 180g/6oz,"skin on, bones and scales removed (Note 1)"
Acqua Pazza - Italian Poached Fish,2,salt,1/4,tsp,
Acqua Pazza - Italian Poached Fish,2,extra virgin olive oil,2,tbsp,
Acqua Pazza - Italian Poached Fish,2,red onion,1/4,,sliced 1cm / 1/3″ thick
Acqua Pazza - Italian Poached Fish,2,fennel (medium),1/2,,"sliced sliced 1cm / 1/3"" thick"
Acqua Pazza - Italian Poached Fish,2,large red chilli (cayenne pepper),1/2,,seeds removed and finely chopped (Note 2)
Acqua Pazza - Italian Poached Fish,2,garlic cloves,2,,finely minced
Acqua Pazza - Italian Poached Fish,2,red cherry tomatoes,15,,halved
Acqua Pazza - Italian Poached Fish,2,yellow cherry tomatoes,10,,halved (or more red)
Acqua Pazza - Italian Poached Fish,2,chardonnay (not too woody),3/4,cup,or other dry white wine (Note 3)
Acqua Pazza - Italian Poached Fish,2,water,2,cups,
Acqua Pazza - Italian Poached Fish,2,salt,1/4,tsp,
Acqua Pazza - Italian Poached Fish,2,basil,1,tbsp,"finely sliced (keep stems), plus more for garnish"
Acqua Pazza - Italian Poached Fish,2,parsley,1,tbsp,finely chopped (keep stems)
Acqua Pazza - Italian Poached Fish,2,crusty baguette,1,,"cut 4 to 6 slices on a diagonal, 1cm / 1/3""  thick"
Acqua Pazza - Italian Poached Fish,2,salt,1/4,tsp,
Acqua Pazza - Italian Poached Fish,2,extra virgin olive oil,1 – 2,tbsp,
Acqua Pazza - Italian Poached Fish,2,garlic clove,1,,halved (for rubbing)
Peach Salad,4,small peaches or 2 large peaches,3,,
Peach Salad,4,loosely packed rocket/arugula,4,cups,
Peach Salad,4,ball buffalo or cow’s milk mozzarella ,150g/5oz,,"(1 ball, ok it slightly less or more)"
Peach Salad,4,prosciutto ,4,slices,"(or jamon serrano, about 70g/2.5 oz; for other subs see Note 1)"
Peach Salad,4,fresh lemon juice,1 1/2,tbsp,
Peach Salad,4,Dijon mustard,1 1/2,tsp,
Peach Salad,4,extra virgin olive oil,4 1/2,tbsp,
Peach Salad,4,each salt and pepper,1/4,tsp,
Pasta alla norma (Eggplant pasta),4,eggplant,800g / 1.6 lb,,"cut into 2.5cm/1"" cubes (2 medium/large ones)"
Pasta alla norma (Eggplant pasta),4,extra virgin olive oil,2,tbsp,
Pasta alla norma (Eggplant pasta),4,each salt and pepper,1/2,tsp,
Pasta alla norma (Eggplant pasta),4,extra virgin olive oil,2,tbsp,
Pasta alla norma (Eggplant pasta),4,garlic cloves,2,,finely minced
Pasta alla norma (Eggplant pasta),4,small onion,1/2,,very finely chopped (or 2 eschallots)
Pasta alla norma (Eggplant pasta),4,dry white wine,1/4,cup,anything not too sweet or woody (Note 1)
Pasta alla norma (Eggplant pasta),4,tomato passata,700g / 24 oz,,"(aka tomato puree, Note 2)"
Pasta alla norma (Eggplant pasta),4,water,1/4,cup,
Pasta alla norma (Eggplant pasta),4,dried Italian herbs,1,tsp,or oregano
Pasta alla norma (Eggplant pasta),4,red pepper flakes,1/2,tsp,optional (for a hint of heat)
Pasta alla norma (Eggplant pasta),4,each salt and pepper,1/2,tsp,
Pasta alla norma (Eggplant pasta),4,"spaghetti or other pasta, long or short ",300g / 10 oz,,"(macaroni, rigatoni, penne, ziti, fettucini, bucatini)"
Pasta alla norma (Eggplant pasta),4,basil leaves,1/2,cup,roughly chopped (Note 3)
Pasta alla norma (Eggplant pasta),4,Parmesan cheese,,,grated (or ricotta salata if you have it – more traditional)
Mushroom Pasta,2,"short pasta like orecchiette, penne, macaroni",200g / 7 oz ,,(Note 1)
Mushroom Pasta,2," long pasta - spaghetti, fettucine",160g/6 oz,,(Note 1)
Mushroom Pasta,2,mushrooms,400g / 14 oz ,,"sliced 1/2 cm / 1/5"" thick (Note 2)"
Mushroom Pasta,2,unsalted butter,50g / 3 tbsp,,separated
Mushroom Pasta,2,olive oil,1,tbsp,
Mushroom Pasta,2,garlic cloves,2,,finely minced
Mushroom Pasta,2,each salt and pepper,1/2,tsp,
Mushroom Pasta,2,freshly grated parmesan cheese,1/2,cup,(or 1/4 cup store bought grated)
Mushroom Pasta,2,Parsley,,,finely chopped
Mushroom Pasta,2,Parmesan cheese,,,grated
Spinach and Ricotta Rotolo (Italian Lasagna Roll Ups),5,fresh lasagne sheets,8 - 10,,"(15 x 11 cm/6 x 4.5"") (Note 1)"
Spinach and Ricotta Rotolo (Italian Lasagna Roll Ups),5,mozarella cheese,1,cup,shredded
Spinach and Ricotta Rotolo (Italian Lasagna Roll Ups),5,olive oil,1,tbsp,(for drizzling later)
Spinach and Ricotta Rotolo (Italian Lasagna Roll Ups),5,frozen spinach (pre chopped),500g / 1 lb,,thawed and excess water squeezed out (Note 2)
Spinach and Ricotta Rotolo (Italian Lasagna Roll Ups),5,ricotta cheese,500 g / 1 lb ,,"(NOT smooth, whipped or spreadable in tubs, Note 3)"
Spinach and Ricotta Rotolo (Italian Lasagna Roll Ups),5,mozzarella cheese,1,cup,shredded
Spinach and Ricotta Rotolo (Italian Lasagna Roll Ups),5,egg,1,,
Spinach and Ricotta Rotolo (Italian Lasagna Roll Ups),5,parmesan cheese,1/2,cup,shredded
Spinach and Ricotta Rotolo (Italian Lasagna Roll Ups),5,garlic clove,1,,pressed using garlic crusher or finely grated
Spinach and Ricotta Rotolo (Italian Lasagna Roll Ups),5,fresh nutmeg,1/4,,grated (or 1/8 tsp nutmeg powder)
Spinach and Ricotta Rotolo (Italian Lasagna Roll Ups),5,salt,3/4,tsp,
Spinach and Ricotta Rotolo (Italian Lasagna Roll Ups),5,Black pepper,1/2,tsp,
Spinach and Ricotta Rotolo (Italian Lasagna Roll Ups),5,olive oil,2,tbsp,
Spinach and Ricotta Rotolo (Italian Lasagna Roll Ups),5,garlic,2,cloves,minced
Spinach and Ricotta Rotolo (Italian Lasagna Roll Ups),5,onion,1/2,,"finely diced (brown, yellow, white)"
Spinach and Ricotta Rotolo (Italian Lasagna Roll Ups),5,salt,3/4,tsp,
Spinach and Ricotta Rotolo (Italian Lasagna Roll Ups),5,black pepper,1/2,tsp,
Spinach and Ricotta Rotolo (Italian Lasagna Roll Ups),5,tomato passata,700 g / 24 oz ,,(US: Tomato puree) (Note 5)
Spinach and Ricotta Rotolo (Italian Lasagna Roll Ups),5,water,1 1/2,cups,
Spinach and Ricotta Rotolo (Italian Lasagna Roll Ups),5,Handful basil leaves,,,(optional)
Baked Ziti,6,ziti or penne pasta,300g / 10oz,,(Note 1)
Baked Ziti,6,olive oil,1,tbsp,
Baked Ziti,6,garlic cloves,3,,minced
Baked Ziti,6,small onion,1,,"(brown, white or yellow), finely chopped"
Baked Ziti,6,ground beef or pork,500g / 1 lb,,OR 50/50 combo (Note 2)
Baked Ziti,6,tomato passata,700g / 24 oz,,"(pureed tomato, Note 3)"
Baked Ziti,6,water,1/2,cup,
Baked Ziti,6,"EACH dried basil, oregano, sugar",1,tsp,
Baked Ziti,6,ricotta,1,cup,optional (Note 4)
Baked Ziti,6,grated mozzarella cheese,1,cup,(or other melting cheese)
Baked Ziti,6,parmesan,1,cup,freshly grated (optional)
Baked Ziti,6,Finely chopped parsley or basil,,,(optional garnish)
Baked Ziti,6,fennel seeds,2,tsp,"(optional, Note 5)"
Baked Ziti,6,paprika,1,tbsp,(plain or sweet)
Baked Ziti,6,cayenne pepper OR 3/4 tsp chilli flakes,1/2,tsp,(adjust to taste)
Baked Ziti,6,onion powder,2,tsp,
Baked Ziti,6,EACH salt and black pepper,1,tsp,
Spaghetti Bolognese,5,olive oil,1 1/2,tbsp,
Spaghetti Bolognese,5,garlic cloves,2,,minced
Spaghetti Bolognese,5,onion,1,,"finely chopped (brown, yellow or white)"
Spaghetti Bolognese,5,beef mince (ground beef),1 lb / 500g ,,"OR half pork, half beef (Note 1)"
Spaghetti Bolognese,5,dry red wine,1/2 cup (125 ml),,(sub water or beef broth/stock)
Spaghetti Bolognese,5,beef bouillon cubes,2,,crumbled OR granulated beef bouillon (Note 2)
Spaghetti Bolognese,5,can crushed tomato,800g / 28 oz,,(or tomato passata)
Spaghetti Bolognese,5,tomato paste,2,tbsp,
Spaghetti Bolognese,5,white sugar,2,tsp,if needed (Note 3)
Spaghetti Bolognese,5,Worcestershire sauce,2,tsp,
Spaghetti Bolognese,5,dried bay leaves,2,,
Spaghetti Bolognese,5,sprigs fresh thyme,2,,(or 1/2 tsp dried thyme or oregano)
Spaghetti Bolognese,5,Salt and pepper,,,
Spaghetti Bolognese,5,spaghetti,400 g / 13 oz ,,dried
Spaghetti Bolognese,5,Parmesan cheese,,,and finely chopped parsley (optional)
Spinach Beef Cannelloni (Manicotti),5,olive oil,1,tbsp,
Spinach Beef Cannelloni (Manicotti),5,garlic cloves,2,,minced
Spinach Beef Cannelloni (Manicotti),5,onion,1/2,,finely chopped
Spinach Beef Cannelloni (Manicotti),5,carrot,1,,"small, finely chopped (optional)"
Spinach Beef Cannelloni (Manicotti),5,celery rib,1,,finely chopped (optional)
Spinach Beef Cannelloni (Manicotti),5,crushed tomato,800g / 28oz,,canned
Spinach Beef Cannelloni (Manicotti),5,chicken stock / broth,2 cups (500ml),,low sodium (or vegetable)
Spinach Beef Cannelloni (Manicotti),5,"EACH thyme, oregano, salt, pepper",1/2,tsp,
Spinach Beef Cannelloni (Manicotti),5,chilli flakes,1/4,tsp,optional
Spinach Beef Cannelloni (Manicotti),5,olive oil,1,tbsp,
Spinach Beef Cannelloni (Manicotti),5,garlic cloves,2,,minced
Spinach Beef Cannelloni (Manicotti),5,onion,1/2,,finely chopped
Spinach Beef Cannelloni (Manicotti),5,beef mince,500g / 1lb,,lean
Spinach Beef Cannelloni (Manicotti),5,"frozen spinach, chopped",250g / 8oz,,"thawed, excess liquid squeezed out (Note 1)"
Spinach Beef Cannelloni (Manicotti),5,beef bouillon cube,1,,crumbled (Note 2)
Spinach Beef Cannelloni (Manicotti),5,pepper,1/2,tsp,
Spinach Beef Cannelloni (Manicotti),5,Worcestershire Sauce,1,tsp,
Spinach Beef Cannelloni (Manicotti),5,cannelloni tubes (220g/7oz) ,21 - 24,,OR 10 Manicotti tubes (Note 3)
Spinach Beef Cannelloni (Manicotti),5,mozzarella cheese,2,cups,freshly grated (or other melting cheese)
Spinach Beef Cannelloni (Manicotti),5,Chopped parsley,,,garnish (optional)
Sicilian Chicken Spaghetti,4,spaghetti,320g / 11oz,,(or other long pasta)
Sicilian Chicken Spaghetti,4,chicken breasts,2,,each halved horizontally to form 2 thin steaks
Sicilian Chicken Spaghetti,4,olive oil,2,tbsp,
Sicilian Chicken Spaghetti,4,Salt and pepper,,,
Sicilian Chicken Spaghetti,4,garlic cloves,3,,minced
Sicilian Chicken Spaghetti,4,white wine,1/2 cup (125 ml),,(Note 1)
Sicilian Chicken Spaghetti,4,can crushed tomato,800g / 28oz,,
Sicilian Chicken Spaghetti,4,water,1/2 cup (125 ml),,(about 1/3 empty tomato can)
Sicilian Chicken Spaghetti,4,sliced black olives,1 cup (100g),,(Note 2)
Sicilian Chicken Spaghetti,4,artichokes,170g / 6 oz,,"(marinated in can or jar), drained (Note 2)"
Sicilian Chicken Spaghetti,4,red pepper flakes,1/2 - 1,tsp,(spiciness - adjust to taste!)
Sicilian Chicken Spaghetti,4,salt and pepper,1/2,tsp,each
Sicilian Chicken Spaghetti,4,basil leaves,1,cup,optional (or sub baby spinach)
Sicilian Chicken Spaghetti,4,Parmesan cheese,,,freshly grated
Slow Cooked Beef Cheeks in Red Wine Sauce,6,olive oil,3,tbsp,separated
Slow Cooked Beef Cheeks in Red Wine Sauce,6,beef cheeks,1.5 kg/3lb ,,(4 large or 6 small beef cheeks)
Slow Cooked Beef Cheeks in Red Wine Sauce,6,onion,1,,"(white, brown or yellow), roughly diced (about 1 cup)"
Slow Cooked Beef Cheeks in Red Wine Sauce,6,celery stalk,1,,roughly diced (about 1 cup)
Slow Cooked Beef Cheeks in Red Wine Sauce,6,carrot,1,,roughly diced (about 3/4 cup)
Slow Cooked Beef Cheeks in Red Wine Sauce,6,garlic cloves,4,,minced
Slow Cooked Beef Cheeks in Red Wine Sauce,6,stems of fresh thyme,6,,or 1 1/2 tsp dried thyme leaves
Slow Cooked Beef Cheeks in Red Wine Sauce,6,dried bay leaves,4,,(or 3 fresh bay leaves)
Slow Cooked Beef Cheeks in Red Wine Sauce,6,beef stock ,1 cup  (250 ml),,(broth)
Slow Cooked Beef Cheeks in Red Wine Sauce,6,red wine,2 cups  (500 ml),,(full bodied eg. cabernet sauvignon or merlot)
Slow Cooked Beef Cheeks in Red Wine Sauce,6,salt,2 - 3,tsp,separated
Slow Cooked Beef Cheeks in Red Wine Sauce,6,Black pepper,,,
Tiramisu (Chef recipe!),6,eggs,3,,yolks and whites separated
Tiramisu (Chef recipe!),6,caster sugar (superfine sugar),1/2 cup (110g),,
Tiramisu (Chef recipe!),6,vanilla extract,1/2,tsp,
Tiramisu (Chef recipe!),6,mascarpone,8 oz / 250g ,,good brand (Important - read Note 1)
Tiramisu (Chef recipe!),6,black coffee,1 1/4,cups,hot and strong! (Note 2)
Tiramisu (Chef recipe!),6,Frangelico or Kahlua,2 tbsp (or more!) ,,or other liquor of choice (skip for alcohol free)
Tiramisu (Chef recipe!),6,"lady fingers, pavesini or savoiardi biscuits ",6.5 oz / 200g (24 - 30) ,,(Note 3)
Tiramisu (Chef recipe!),6,Cocoa,,,for dusting
Italian Pasta Salad with Homemade Italian Dressing,8,extra virgin olive oil,1/2,cup,
Italian Pasta Salad with Homemade Italian Dressing,8,red or white wine vinegar,1/4,cup,(I like using red)
Italian Pasta Salad with Homemade Italian Dressing,8,freshly grated parmesan cheese,1 1/2,tbsp,(Note 1)
Italian Pasta Salad with Homemade Italian Dressing,8,sugar (any),1,tbsp,
Italian Pasta Salad with Homemade Italian Dressing,8,"large garlic clove, minced",1,,
Italian Pasta Salad with Homemade Italian Dressing,8,each dried basil and oregano,1/2,tsp,
Italian Pasta Salad with Homemade Italian Dressing,8,dried parsley,1/4,tsp,
Italian Pasta Salad with Homemade Italian Dressing,8,dried chilli flakes (red pepper flakes) (optional),1/2,tsp,
Italian Pasta Salad with Homemade Italian Dressing,8,salt,3/4,tsp,
Italian Pasta Salad with Homemade Italian Dressing,8,black pepper,1/2,tsp,
Italian Pasta Salad with Homemade Italian Dressing,8,"spiral pasta, or other pasta of choice",300g/10oz,,
Italian Pasta Salad with Homemade Italian Dressing,8,"thick sliced salami, cut into 2.5cm/1"" batons (see photo in post or videos) (I use spicy salami)",180g/6oz,,
Italian Pasta Salad with Homemade Italian Dressing,8,"baby bocconcini, halved (Note 2)",200g/7oz,,
Italian Pasta Salad with Homemade Italian Dressing,8,"red capsicum/bell pepper, cut into 3cm/2.2cm strips",1,,
Italian Pasta Salad with Homemade Italian Dressing,8,whole olives (I used Sicilian and pitted black) (Note 3),250g/8oz,,
Italian Pasta Salad with Homemade Italian Dressing,8,"cherry tomatoes, halved (~1.5 Australian punnets)",2,cups,
Italian Pasta Salad with Homemade Italian Dressing,8,(tightly packed) fresh basil leaves,1,cup,
Caprese Salad,6,g/7oz bocconcini / baby or cherry mozzarella,220,,halved (Note 1)
Caprese Salad,6,/ 1 lb cherry or grape tomatoes,500,g,halved
Caprese Salad,6,basil leaves,1/2,cup,torn or roughly chopped
Caprese Salad,6,Balsamic glaze / reduction,,,for drizzling (Note 2)
Caprese Salad,6,small garlic clove,1,,minced
Caprese Salad,6,Dijon mustard,1/2,tsp,(or other non spicy mustard)
Caprese Salad,6,extra virgin olive oil,2.5,tbsp,
Caprese Salad,6,white wine vinegar,1,tbsp,(Note 3)
Caprese Salad,6,each dried oregano,1/4,tsp,"parsley, thyme (or rosemary)"
Caprese Salad,6,salt,1/2,tsp,
Caprese Salad,6,Black pepper,,,
Bruschetta,4,crusty bread like sourdough or ciabatta,4,slices,"sliced 1.5cm/ 3/5"" thick (Note 1)"
Bruschetta,4,extra virgin olive oil,,,for brushing
Bruschetta,4,garlic clove,1,,halved (unpeeled)
Bruschetta,4,tomatoes (medium),4,,"ripe and juicy, at room temperature"
Bruschetta,4,basil leaves,1/4,cup,roughly chopped
Bruschetta,4,extra virgin olive oil,1.5,tbsp,
Bruschetta,4,salt,1/8,tsp,kosher / cooking salt
Bruschetta,4,Black pepper,,,
Creamy Baked Pumpkin Risotto,5,unsalted butter,3 tbsp / 50 g,,divided
Creamy Baked Pumpkin Risotto,5,arborio rice,1 1/2,cups,(risotto rice) (Note 1)
Creamy Baked Pumpkin Risotto,5,onion,1,,diced
Creamy Baked Pumpkin Risotto,5,pumpkin (weight after peeling and deseeding),600 g / 20 oz ,,"diced into 1.7cm/2/3"" cubes (about 4 heaped cups) (Note 2)"
Creamy Baked Pumpkin Risotto,5,garlic cloves,3,,minced
Creamy Baked Pumpkin Risotto,5,dry white wine,1/4,cup,(or water or broth)
Creamy Baked Pumpkin Risotto,5,vegetable or chicken stock/broth,3 1/2,cups,
Creamy Baked Pumpkin Risotto,5,"sage leaves, roughly chopped",2,tbsp,(Note 3)
Creamy Baked Pumpkin Risotto,5,parmesan cheese,1/2,cup,finely grated
Creamy Baked Pumpkin Risotto,5,Salt & pepper,,,
Creamy Baked Pumpkin Risotto,5,butter,50 g / 3 tbsp,,salted
Creamy Baked Pumpkin Risotto,5,sage leaves,12 - 20,,
Creamy Baked Pumpkin Risotto,5,Grated parmesan,,,
Italian Meatballs,4,lightly packed cup of diced white sandwich bread,1,,crusts removed (Note 1 for SUB)
Italian Meatballs,4,small onion,1,,"(brown, white or yellow)"
Italian Meatballs,4,ground beef,14 oz / 400 g ,,(mince)
Italian Meatballs,4,ground pork,3 oz / 100g ,,"(mince), or sub with more beef (Note 2)"
Italian Meatballs,4,egg,1,,
Italian Meatballs,4,fresh parsley,1/4,cup,finely chopped (Note 3)
Italian Meatballs,4,garlic cloves,2,,minced
Italian Meatballs,4,Parmigiano-Reggiano,1/4,cup,"(or parmesan), freshly grated"
Italian Meatballs,4,salt,3/4,tsp,
Italian Meatballs,4,black pepper,1/4,tsp,
Italian Meatballs,4,olive oil,2.5,tbsp,
Italian Meatballs,4,garlic cloves,2,,minced
Italian Meatballs,4,onion,3/4,cup,"finely chopped (white, brown or yellow)"
Italian Meatballs,4,tomato passata,24 oz / 700 g ,,(Tomato Puree in US/CAN - Note 4)
Italian Meatballs,4,water,1/2,cup,
Italian Meatballs,4,red pepper flakes,1,tsp,(chili flakes)
Italian Meatballs,4,dried Italian herb mix,3,tsp,"(parsley, basil, thyme, oregano)"
Italian Meatballs,4,salt,1,tsp,
Italian Meatballs,4,Black pepper,,,
Italian Meatballs,4,Pasta of choice,,,
Italian Meatballs,4,Parmesan,,,
Italian Meatballs,4,Parsley,,,finely chopped (optional)
Creamy Prawn Risotto (Shrimp),4,tbsp olive oil,1 – 2 ,,
Creamy Prawn Risotto (Shrimp),4,"prawns/shrimp, raw, peeled (Note 1)",400 – 500g (14oz – 1 lb),,
Creamy Prawn Risotto (Shrimp),4,Salt and pepper,,,
Creamy Prawn Risotto (Shrimp),4,butter,1 1/2 tbsp (20g),,
Creamy Prawn Risotto (Shrimp),4,onion,1/2,,finely chopped
Creamy Prawn Risotto (Shrimp),4,garlic cloves,2,,minced
Creamy Prawn Risotto (Shrimp),4,dry white wine,1/3 cup (85 ml),,(or water)
Creamy Prawn Risotto (Shrimp),4,Arborio rice,1 1/2 cups (270g),,uncooked (Note 2)
Creamy Prawn Risotto (Shrimp),4,chicken broth,3 cups (750ml),,"low sodium, at room temp"
Creamy Prawn Risotto (Shrimp),4,milk,1 cup (250 ml),,room temp (full or low fat)
Creamy Prawn Risotto (Shrimp),4,frozen peas,1 cup (150g),,thawed
Creamy Prawn Risotto (Shrimp),4,grated parmesan,1/3 cup (40g),,
Creamy Prawn Risotto (Shrimp),4,Extra Butter,1 – 2 tbsp (15 – 30g)  ,,
Creamy Prawn Risotto (Shrimp),4,Grated parmesan,,,
Creamy Prawn Risotto (Shrimp),4,Finely chopped parsley,,,(optional)
Creamy Garlic Prawn Pasta,4,fettuccine,8 oz / 250g ,,or other long strand pasta of choice
Creamy Garlic Prawn Pasta,4,butter,30 g / 2 tbsp ,,separated
Creamy Garlic Prawn Pasta,4,"small peeled prawns / shrimp, raw",300 g / 10 oz ,,(Note 1)
Creamy Garlic Prawn Pasta,4,garlic cloves,3,,minced
Creamy Garlic Prawn Pasta,4,dry white wine,1/4 cup / 65 ml,,(Note 2 for sub)
Creamy Garlic Prawn Pasta,4,heavy / thickened cream,1 cup / 250 ml ,,(Note 3)
Creamy Garlic Prawn Pasta,4,chicken broth,1/2 cup / 125 ml,,"(or fish or vegetable broth), preferably low sodium"
Creamy Garlic Prawn Pasta,4,finely grated parmesan cheese (1.5 oz),3/4 cup / 50 g ,,(freshly grated) (Note 4)
Creamy Garlic Prawn Pasta,4,finely chopped parsley,2,tbsp,
Creamy Garlic Prawn Pasta,4,Black pepper,,,
Creamy Garlic Prawn Pasta,4,Parmesan,,,for serving
Homemade Frozen Pizzas (Quick 'n Easy),10,"Greek pita bread (thick round flatbreads, 25cm / 10"" diameter) (Note 1)",10,,
Homemade Frozen Pizzas (Quick 'n Easy),10,salami sliced,250 g / 8 oz ,,chopped
Homemade Frozen Pizzas (Quick 'n Easy),10,sliced black olives,3/4 cup / 100 g ,,drained
Homemade Frozen Pizzas (Quick 'n Easy),10,large green capsicum / bell pepper,1,,sliced
Homemade Frozen Pizzas (Quick 'n Easy),10,large red onion,1,,chopped
Homemade Frozen Pizzas (Quick 'n Easy),10,medium mushrooms,15,,sliced (~golf ball size)
Homemade Frozen Pizzas (Quick 'n Easy),10,shredded mozzarella cheese,400 g / 14 oz / 4 cups ,,
Homemade Frozen Pizzas (Quick 'n Easy),10,shredded Monterey Jack,300 - 350 g / 10 - 12 oz / 3.5 cups ,,"Tasty, Cheddar or other melting cheese of choice, or more mozzarella (Note 2)"
Homemade Frozen Pizzas (Quick 'n Easy),10,extra virgin olive oil,1/4 cup / 65 ml,,
Homemade Frozen Pizzas (Quick 'n Easy),10,garlic cloves,3,,minced
Homemade Frozen Pizzas (Quick 'n Easy),10,crushed canned tomato,800 g / 28 oz ,,
Homemade Frozen Pizzas (Quick 'n Easy),10,tomato paste,2,tbsp,
Homemade Frozen Pizzas (Quick 'n Easy),10,water,1/2 cup / 125 ml,,
Homemade Frozen Pizzas (Quick 'n Easy),10,dried oregano,1,tsp,
Homemade Frozen Pizzas (Quick 'n Easy),10,dried thyme,1,tsp,
Homemade Frozen Pizzas (Quick 'n Easy),10,red chilli flakes,1,tsp,(adjust to taste)
Homemade Frozen Pizzas (Quick 'n Easy),10,salt,3/4,tsp,
Homemade Frozen Pizzas (Quick 'n Easy),10,black pepper,1/2,tsp,
Spicy Italian Chicken Casserole,5,"chicken thighs , skin on, bone in (about 200g / 7 oz each) (Note 1 for breast)",5,,
Spicy Italian Chicken Casserole,5,Salt and pepper,,,
Spicy Italian Chicken Casserole,5,olive oil,2,tsp,
Spicy Italian Chicken Casserole,5,garlic cloves,2,,minced
Spicy Italian Chicken Casserole,5,medium onion,1,,finely chopped
Spicy Italian Chicken Casserole,5,EACH red and green capsicum / bell pepper,1,,sliced
Spicy Italian Chicken Casserole,5,"white or red wine (any is fine, I use dry white) (Note 2 for subs)",½ cup / 125 ml,,
Spicy Italian Chicken Casserole,5,can crushed tomato,800 g / 28 oz ,,
Spicy Italian Chicken Casserole,5,water,¾ cup / 185 ml,,swilled in empty tomato can
Spicy Italian Chicken Casserole,5,red pepper flakes,1,tsp,"(chilli flakes), adjust to taste"
Spicy Italian Chicken Casserole,5,black olives,3/4,cup,pitted (or 1/3 cup sliced)
Spicy Italian Chicken Casserole,5,baby capers,2,tbsp,
Spicy Italian Chicken Casserole,5,Salt and pepper to taste,,,
Spicy Italian Chicken Casserole,5,finely chopped parsley,¼,cup,
Baked Chicken Meatballs and Spaghetti,4,chicken mince,500 g/1lb ,,"(ground chicken), or turkey or pork (Note 1)"
Baked Chicken Meatballs and Spaghetti,4,small white onion,1/4,,grated into the bowl
Baked Chicken Meatballs and Spaghetti,4,panko breadcrumbs,1/2,cup,
Baked Chicken Meatballs and Spaghetti,4,grated parmesan,1/3,cup,
Baked Chicken Meatballs and Spaghetti,4,large garlic clove,1,,minced
Baked Chicken Meatballs and Spaghetti,4,finely chopped parsley,1/4,cup,(or 2 tsp dried parsley or basil)
Baked Chicken Meatballs and Spaghetti,4,egg,1,,
Baked Chicken Meatballs and Spaghetti,4,salt,1/4,tsp,
Baked Chicken Meatballs and Spaghetti,4,pepper,1/2,tsp,
Baked Chicken Meatballs and Spaghetti,4,Olive oil spray,,,(or olive oil)
Baked Chicken Meatballs and Spaghetti,4,olive oil,1,tbsp,
Baked Chicken Meatballs and Spaghetti,4,garlic clove,1,,finely chopped
Baked Chicken Meatballs and Spaghetti,4,"small onion , finely chopped",3/4,,
Baked Chicken Meatballs and Spaghetti,4,crushed tomato,800 g / 28 oz ,,
Baked Chicken Meatballs and Spaghetti,4,water,1 cup / 250 ml,,(swirl in tomato can to clean out)
Baked Chicken Meatballs and Spaghetti,4,Handful basil leaves,,,"torn, or 1 tsp dried herbs (e.g. Italian mix, oregano, thyme, basil)"
Baked Chicken Meatballs and Spaghetti,4,spaghetti or other long strand pasta of choice,250 g/ 1/2 lb ,,cooked per packet
Baked Chicken Meatballs and Spaghetti,4,Fresh basil,,,optional
Baked Chicken Meatballs and Spaghetti,4,Parmesan cheese,,,
Spinach and Ricotta Cannelloni,5,olive oil,1,tbsp,
Spinach and Ricotta Cannelloni,5,garlic clove,1,,finely chopped
Spinach and Ricotta Cannelloni,5,small onion,1,,finely chopped
Spinach and Ricotta Cannelloni,5,crushed tomato,800 g / 28 oz ,,
Spinach and Ricotta Cannelloni,5,water,1,cup,(swirl in tomato can to clean out)
Spinach and Ricotta Cannelloni,5,salt,3/4,tsp,+ pepper to taste
Spinach and Ricotta Cannelloni,5,Handful basil leaves,,,"torn, or 1 tsp dried herbs (e.g. Italian mix, oregano, thyme, basil)"
Spinach and Ricotta Cannelloni,5,frozen chopped spinach,250 g / 8 oz ,,thawed (Note 1)
Spinach and Ricotta Cannelloni,5,ricotta,500 g / 1 lb ,,full fat please (Note 2)
Spinach and Ricotta Cannelloni,5,grated parmesan,1/3,cup,
Spinach and Ricotta Cannelloni,5,shredded cheese,1,cup,"(Mozzarella, Colby, Cheddar, Tasty, Gruyere, Swiss)"
Spinach and Ricotta Cannelloni,5,egg,1,,
Spinach and Ricotta Cannelloni,5,large garlic clove,1,,minced
Spinach and Ricotta Cannelloni,5,Grated fresh nutmeg (just a sprinkling) or 1/8 tsp nutmeg powder (optional),,,
Spinach and Ricotta Cannelloni,5,salt and pepper,1/2,tsp,each
Spinach and Ricotta Cannelloni,5,dried cannelloni tubes,18 – 22,,(Note 3)
Spinach and Ricotta Cannelloni,5,shredded Mozzarella,1 – 1 1/2,cups,
Spinach and Ricotta Cannelloni,5,More basil,,,for garnish (optional)
Sausage Pasta,4,spiral pasta,250 g / 0.5 lb ,,(Note 1)
Sausage Pasta,4,good Italian sausages,500 g / 1 lb ,,or other quality sausages of choice
Sausage Pasta,4,olive oil,1,tbsp,
Sausage Pasta,4,small onion,1,,finely chopped
Sausage Pasta,4,garlic cloves,2,,minced
Sausage Pasta,4,crushed tomato,800 g / 28 oz ,,(or tomato passata)
Sausage Pasta,4,chilli flakes / red pepper flakes,1,tsp,(adjust to taste)
Sausage Pasta,4,Salt and pepper,,,
Sausage Pasta,4,big handfuls baby spinach,1 - 2,,(optional)
Sausage Pasta,4,Basil leaves,,,finely sliced
Sausage Pasta,4,Parmesan,,,
Osso Buco,5,thick veal osso bucco,5,,"(300 g / 10 oz each, 2.5cm / 1” thick) (or beef, Note 1)"
Osso Buco,5,Salt and pepper,,,
Osso Buco,5,Kitchen string,,,(optional)
Osso Buco,5,olive oil,2,tbsp,
Osso Buco,5,small onion,1,,finely chopped
Osso Buco,5,garlic cloves,3,,minced
Osso Buco,5,small carrot,1,,finely chopped
Osso Buco,5,celery stick,1,,finely chopped
Osso Buco,5,can crushed tomato,800 g / 28 oz ,,
Osso Buco,5,dry white wine,1 cup / 250 ml,,"(not sweet, not fruity), or chicken broth"
Osso Buco,5,chicken broth,1 cup / 250 ml,,
Osso Buco,5,chicken bouillon cube,1,,"(optional, or use beef)"
Osso Buco,5,tomato paste,2,tbsp,
Osso Buco,5,sprigs thyme or 1 ½ tsp dried thyme,3,,
Osso Buco,5,bay leaves,2,,
Osso Buco,5,"parsley leaves (flat or curly), lightly packed",1,cup,
Osso Buco,5,– 3 tsp lemon zest,2,,finely grated
Osso Buco,5,garlic clove,1,,minced
Osso Buco,5,Risotto Milanese,,,"(saffron risotto, recipe in notes), mashed potato or pasta"
Slow Cooked Shredded Beef Ragu Pasta,5,chuck beef ,1.2kg  / 2.5 lb,,"or other slow cooking beef cut, cut into equal 4 pieces (Note 1)"
Slow Cooked Shredded Beef Ragu Pasta,5,salt,1,tbsp,
Slow Cooked Shredded Beef Ragu Pasta,5,Black pepper,,,
Slow Cooked Shredded Beef Ragu Pasta,5,olive oil,3,tbsp,separated
Slow Cooked Shredded Beef Ragu Pasta,5,garlic,3,cloves,minced
Slow Cooked Shredded Beef Ragu Pasta,5,onion,1,,diced
Slow Cooked Shredded Beef Ragu Pasta,5,carrots,1,cup,diced (Note 2)
Slow Cooked Shredded Beef Ragu Pasta,5,celery,1,cup,diced (Note 2)
Slow Cooked Shredded Beef Ragu Pasta,5,crushed canned tomatoes,800g / 28oz,,
Slow Cooked Shredded Beef Ragu Pasta,5,tomato paste,3,tbsp,
Slow Cooked Shredded Beef Ragu Pasta,5,beef bouillon cubes,2,,crumbled (Note 3)
Slow Cooked Shredded Beef Ragu Pasta,5,red wine,1 cup / 250ml,,"full bodied  (like merlot, cabernet sauvignon), or sub with beef broth/stock"
Slow Cooked Shredded Beef Ragu Pasta,5,water,1 1/2 cups / 375 ml,,(Note 3)
Slow Cooked Shredded Beef Ragu Pasta,5,dried thyme,3/4,tsp,or 3 sprigs fresh thyme
Slow Cooked Shredded Beef Ragu Pasta,5,dried bay leaves,3,,
Slow Cooked Shredded Beef Ragu Pasta,5,dried pappardelle,1 lb /500g ,,or other pasta of choice (Note 4)
Slow Cooked Shredded Beef Ragu Pasta,5,Freshly grated parmesan cheese or parmigiano reggiano,,,
Slow Cooked Shredded Beef Ragu Pasta,5,Fresh parsley,,,finely chopped (optional)
Easy Pumpkin Gnocchi with Sage Butter Sauce,4,fresh pumpkin,300 g /10oz,,steamed or boiled then mashed or 2/3 cup canned pumpkin puree
Easy Pumpkin Gnocchi with Sage Butter Sauce,4,ricotta,1/2,cup,full fat (Note 2)
Easy Pumpkin Gnocchi with Sage Butter Sauce,4,plain flour,1 1/4,cup,"(all purpose flour), plus more for dusting"
Easy Pumpkin Gnocchi with Sage Butter Sauce,4,parmesan cheese,1/3,cup,finely grated
Easy Pumpkin Gnocchi with Sage Butter Sauce,4,egg,1,,
Easy Pumpkin Gnocchi with Sage Butter Sauce,4,salt,1/4,tsp,
Easy Pumpkin Gnocchi with Sage Butter Sauce,4,Black pepper,,,
Easy Pumpkin Gnocchi with Sage Butter Sauce,4,olive oil,1,tsp,
Easy Pumpkin Gnocchi with Sage Butter Sauce,4,butter,50g / 3.5 tbsp,,(Note 3)
Easy Pumpkin Gnocchi with Sage Butter Sauce,4,fresh sage leaves,20,,
Easy Pumpkin Gnocchi with Sage Butter Sauce,4,Black pepper,,,(and salt if needed)
Easy Pumpkin Gnocchi with Sage Butter Sauce,4,Parmesan,,,
Tomato Bacon Pasta,2,spaghetti or other long strand pasta of choice,160 g / 5 oz,,
Tomato Bacon Pasta,2,olive oil,1,tsp,(or butter)
Tomato Bacon Pasta,2,bacon,150 - 180 g / 5 - 6 oz,,diced
Tomato Bacon Pasta,2,garlic clove,1,,minced
Tomato Bacon Pasta,2,onion,1/2,,"finely diced (brown, white, yellow)"
Tomato Bacon Pasta,2,canned crushed tomato,400 g / 14 oz,,
Tomato Bacon Pasta,2,Salt and pepper,,,
Tomato Bacon Pasta,2,Pinch of sugar,,,if needed (Note 1)
Tomato Bacon Pasta,2,Extra virgin olive oil,,,
Tomato Bacon Pasta,2,Finely chopped parsley,,,
Lasagna !!,10,olive oil,1,tbsp,
Lasagna !!,10,onion,1,,"finely chopped (white, yellow or brown)"
Lasagna !!,10,medium carrot,1,,finely diced
Lasagna !!,10,rib / stick of celery,1,,finely diced
Lasagna !!,10,garlic cloves,2,,minced
Lasagna !!,10,beef mince,1 kg / 2 lb,,(ground beef) (Note 1)
Lasagna !!,10,crushed tomato,800g / 28 oz,,
Lasagna !!,10,tomato paste,1/4 cup,,
Lasagna !!,10,red wine,1 cup (250ml),,bold not light (Note 2)
Lasagna !!,10,beef bouillon cubes,3,,crumbled
Lasagna !!,10,bay leaves,2,,dried or fresh
Lasagna !!,10,each dried thyme and oregano,1/2,tsp,
Lasagna !!,10,Worcestershire Sauce,2,tsp,
Lasagna !!,10,sugar,1 - 2,tsp,(if needed - Note 3)
Lasagna !!,10,salt and black pepper,1/2,tsp,
Lasagna !!,10,butter,60g / 4 tbsp,,
Lasagna !!,10,flour,1/2 cup (75g),,
Lasagna !!,10,milk (I use low fat),4 cups (1 litre),,
Lasagna !!,10,shredded cheese,2 cups (200g),,"(Colby, Gruyere, Cheddar, Monterey Jack, OR 1 cup shredded parmesan) (Note 4)"
Lasagna !!,10,Pinch of freshly ground nutmeg,,,
Lasagna !!,10,Salt and pepper,,,
Lasagna !!,10,fresh lasagna sheets,350g/ 12 oz,,(or 250g/8oz dried) (Note 5)
Lasagna !!,10,shredded mozzarella cheese,1 1/2 cups (150g),,
Lasagna !!,10,Finely chopped basil or parsley,,,for garnish (optional)
Oven Baked Italian Meatballs,4,"onion, finely chopped",1/2,,
Oven Baked Italian Meatballs,4,"garlic cloves, minced",2,,
Oven Baked Italian Meatballs,4,olive oil,1,tbsp,
Oven Baked Italian Meatballs,4,crushed tomato (2 x standard cans),24 oz / 800 g ,,
Oven Baked Italian Meatballs,4,chicken broth,3/4,cup,
Oven Baked Italian Meatballs,4,red pepper (chili) flakes (optional),1,tsp,
Oven Baked Italian Meatballs,4,"dried Italian herb mix (parsley, basil, thyme, oregano)",2,tsp,
Oven Baked Italian Meatballs,4,salt + black pepper,1,tsp,
Oven Baked Italian Meatballs,4,"lightly packed cup of sliced white sandwich bread, torn into small pieces, crusts removed (Note 1)",1,,
Oven Baked Italian Meatballs,4,"onion, grated - including juices (yellow, brown or white)",½,,
Oven Baked Italian Meatballs,4,ground beef (beef mince),14 oz / 400 g ,,
Oven Baked Italian Meatballs,4,ground pork (mince) or substitute with ground beef (beef mince) (Note 2),3 oz / 100g ,,
Oven Baked Italian Meatballs,4,egg,1,,
Oven Baked Italian Meatballs,4,"fresh parsley, finely chopped (Note 3)",¼,cup,
Oven Baked Italian Meatballs,4,"garlic cloves, minced",2,,
Oven Baked Italian Meatballs,4,"Parmigiano-Reggiano (or parmesan), freshly grated",¼,cup,
Oven Baked Italian Meatballs,4,salt,¾,tsp,
Oven Baked Italian Meatballs,4,black pepper,¼,tsp,
Oven Baked Italian Meatballs,4,Olive oil spray (or other oil spray),,,
Oven Baked Italian Meatballs,4,"Fresh parsley, chopped",,,
Oven Baked Italian Meatballs,4,"Parmigiano-Reggiano or parmesan, freshly grated",,,
One Pot Chicken Alfredo Pasta,3,"/ 7oz chicken breast, cut in half horizontally",200,g,
One Pot Chicken Alfredo Pasta,3,Salt and pepper,,,
One Pot Chicken Alfredo Pasta,3,olive oil,1,tbsp,
One Pot Chicken Alfredo Pasta,3,/ 8 oz fettuccine,250,g,
One Pot Chicken Alfredo Pasta,3,"milk, any fat %",2,cups,
One Pot Chicken Alfredo Pasta,3,chicken stock / broth,1 1/2,cups,
One Pot Chicken Alfredo Pasta,3,"large garlic clove, minced",1,,
One Pot Chicken Alfredo Pasta,3,thickened / heavy cream (Note 1),1/2,cup,
One Pot Chicken Alfredo Pasta,3,freshly grated parmesan (Note 2),3/4,cup,
One Pot Chicken Alfredo Pasta,3,"Parsley, for garnish",,,
Pan Fried Gnocchi with Pumpkin & Spinach,2,"pumpkin, cut into 2cm / 4/5"" pieces",500g/1lb,,
Pan Fried Gnocchi with Pumpkin & Spinach,2,olive oil,1,tbsp,
Pan Fried Gnocchi with Pumpkin & Spinach,2,"gnocchi, store bought",350g/12oz,,(Note 1)
Pan Fried Gnocchi with Pumpkin & Spinach,2,"butter, salted (unsalted also ok, just add more salt)",45g / 3 tbsp,,
Pan Fried Gnocchi with Pumpkin & Spinach,2,"garlic clove (large), minced",1,,
Pan Fried Gnocchi with Pumpkin & Spinach,2,baby spinach leaves,80g / 2.5oz,,
Pan Fried Gnocchi with Pumpkin & Spinach,2,"fresh sage, finely sliced",1/2,tsp,
Pan Fried Gnocchi with Pumpkin & Spinach,2,Salt & pepper,,,
Pan Fried Gnocchi with Pumpkin & Spinach,2,"Parmesan cheese, freshly grated",,,
Spicy Chilli Prawn Pasta (Shrimp),2,fettuccine or other pasta or choice,180 g / 6 oz ,,
Spicy Chilli Prawn Pasta (Shrimp),2,olive oil,1 1/2,tbsp,
Spicy Chilli Prawn Pasta (Shrimp),2,medium prawns/shrimp,150 - 180 g / 5 - 6 oz, ,peeled and deveined
Spicy Chilli Prawn Pasta (Shrimp),2,anchovies,2,,whole (or 1/2 tsp anchovy paste)
Spicy Chilli Prawn Pasta (Shrimp),2,garlic clove,1,,minced
Spicy Chilli Prawn Pasta (Shrimp),2,white wine,1/4,cup,
Spicy Chilli Prawn Pasta (Shrimp),2,chilli fakes / red pepper flakes,1,tsp+ ,
Spicy Chilli Prawn Pasta (Shrimp),2,tomato passata,1 cup / 250 ml ,,(Note 2)
Spicy Chilli Prawn Pasta (Shrimp),2,finely grated parmesan,2,tsp,
Spicy Chilli Prawn Pasta (Shrimp),2,lemon,1/2,,
Spicy Chilli Prawn Pasta (Shrimp),2,finely chopped fresh parsley,1/4,cup,plus more to serve
Balsamic Vinegar Dressing,1,balsamic vinegar,1/4,cup,"(ordinary, not caramelised or syrupy)"
Balsamic Vinegar Dressing,1,extra virgin olive oil,3/4,cup,(or less if you like sharper dressing)
Balsamic Vinegar Dressing,1,Salt and pepper to taste,,,
Balsamic Vinegar Dressing,1,balsamic vinegar,1,tbsp,
Balsamic Vinegar Dressing,1,extra virgin olive oil,3,tbsp,(or less if you like sharper dressing)
Balsamic Vinegar Dressing,1,Salt and pepper to taste,,,
Balsamic Vinegar Dressing,1,Honey or sugar,,,to taste
Chicken and Mushroom Risotto,4,olive oil,1 tsp - 1 tbsp, ,
Chicken and Mushroom Risotto,4,bacon,2.5 oz / 75 g ,,(preferably streaky / fatty) (optional)
Chicken and Mushroom Risotto,4,chicken thigh fillets,12 oz / 350 g ,,cut into bite size pieces
Chicken and Mushroom Risotto,4,mushrooms,13 oz / 400 g ,,sliced (I use Swiss brown)
Chicken and Mushroom Risotto,4,unsalted butter,2 tbsp / 30 g ,,
Chicken and Mushroom Risotto,4,garlic cloves,2,,minced
Chicken and Mushroom Risotto,4,onion,1,,"finely diced (brown, white, yellow)"
Chicken and Mushroom Risotto,4,white wine,1/2 cup / 125 ml ,,(optional - sub with water or chicken broth)
Chicken and Mushroom Risotto,4,arborio risotto rice,1 1/4 cups / 250 g ,,uncooked (Note 1)
Chicken and Mushroom Risotto,4,chicken broth/stock,4 cups / 1 litre ,,
Chicken and Mushroom Risotto,4,freshly grated parmesan cheese,1/2 cup / 35 g ,,
Chicken and Mushroom Risotto,4,unsalted butter,1 - 3 tbsp / 15 - 50 g ,,
Chicken and Mushroom Risotto,4,Freshly chopped parsley,,,
Greek Lemon Rice,5,extra virgin oil,1 1/2,tbsp,(or butter)
Greek Lemon Rice,5,garlic clove,1,,minced
Greek Lemon Rice,5,onion,1/2,,"finely chopped (white, brown, yellow)"
Greek Lemon Rice,5,long grain white rice,1 1/2,cups,uncooked (Note 1)
Greek Lemon Rice,5,chicken broth,1 1/4,cups,
Greek Lemon Rice,5,water,1,cup,
Greek Lemon Rice,5,large lemon,1,,(1 tsp zest + 3 - 4 tbsp lemon juice)
Greek Lemon Rice,5,finely chopped parsley,3,tbsp,
Greek Lemon Rice,5,finely chopped dill,3,tbsp,"(or sub with parsley, oregano, basil chives, mint)"
Greek Lemon Rice,5,Salt and pepper,,,
Seafood Spaghetti Marinara,2,dried spaghetti pasta,6 oz / 180g ,,(or other long pasta of choice)
Seafood Spaghetti Marinara,2,olive oil,2 1/2,tbsp,separated
Seafood Spaghetti Marinara,2,seafood Marinara mix,10 oz / 300g ,,or make your own (Note 1)
Seafood Spaghetti Marinara,2,garlic cloves,2,,minced
Seafood Spaghetti Marinara,2,onion,1/2,,finely chopped (~1/2 cup)
Seafood Spaghetti Marinara,2,white wine,1/2,cup,(any) (Note 2)
Seafood Spaghetti Marinara,2,tomato passata/tomato puree,2,cups,(Note 3) OR 600g/20oz canned crushed tomato + 1/2 cup water
Seafood Spaghetti Marinara,2,sugar,1/2,tsp,
Seafood Spaghetti Marinara,2,finely chopped fresh parsley,2,tbsp,
Baked Italian Chicken with Potatoes,4,chicken thigh fillets,4 - 5,,skin on and bone in (about 6oz/200g each)
Baked Italian Chicken with Potatoes,4,olive oil,1/2,tbsp,
Baked Italian Chicken with Potatoes,4,crushed tomatoes,1 tin ,(14oz/400g) ,
Baked Italian Chicken with Potatoes,4,cherry tomatos,1 1/2,cups,
Baked Italian Chicken with Potatoes,4,medium size potatoes,3 (around 1.5lb/ 750g in total),,peeled and cut into bite size pieces
Baked Italian Chicken with Potatoes,4,mozzarella cheese,1/2,cup,grated (or any other good melting cheese)
Baked Italian Chicken with Potatoes,4,Salt and pepper,,,
Baked Italian Chicken with Potatoes,4,each dried rosemary and thyme,1/2,tbsp,(OR oregano) leaves (or 2 tbsp fresh)
Baked Italian Chicken with Potatoes,4,garlic cloves,2,,minced
Baked Italian Chicken with Potatoes,4,red wine or white wine vinegar,3,tbsp,(Note 1)
Baked Italian Chicken with Potatoes,4,extra virgin olive oil,3,tbsp,
Baked Italian Chicken with Potatoes,4,salt,1/2,tsp,
Baked Italian Chicken with Potatoes,4,Black pepper,,,
Baked Italian Chicken with Potatoes,4,Basil leaves,,,(optional)
Chorizo Risotto with Kale,4,chicken broth/stock,3,cups,salt reduced
Chorizo Risotto with Kale,4,tomato paste,2,tbsp,
Chorizo Risotto with Kale,4,tomato passata,2,cups,(Note 1)
Chorizo Risotto with Kale,4,olive oil,1/2,tbsp,
Chorizo Risotto with Kale,4,chorizo,350g (12oz),,some sliced and the remainder finely chopped (Note 7)
Chorizo Risotto with Kale,4,onion,1,,"finely chopped (brown, white or yellow)"
Chorizo Risotto with Kale,4,garlic cloves,2,,minced
Chorizo Risotto with Kale,4,arborio rice,1 1/2,cups,"(risotto rice), uncooked (Note 2)"
Chorizo Risotto with Kale,4,white wine,1/2,cup,(sub with chicken broth or water)
Chorizo Risotto with Kale,4,kale leaves,5,cups,"removed from stalk, torn into bite size pieces (packed) (Note 3)"
Chorizo Risotto with Kale,4,+ tbsp butter,2 - 4,,
Chorizo Risotto with Kale,4,Freshly grated parmesan cheese,,,(optional)
Italian Meatball Soup,5,lightly packed cup of sliced white sandwich bread,1,,"torn into small pieces, crusts removed (Note 1)"
Italian Meatball Soup,5,grated onion,1/2,cup,"(brown, white or yellow)"
Italian Meatball Soup,5,ground beef,14 oz / 400 g ,,(beef mince)
Italian Meatball Soup,5,ground pork,3 oz / 100g ,,(mince) or more ground beef (Note 2)
Italian Meatball Soup,5,egg,1,,
Italian Meatball Soup,5,fresh parsley,1/4,cup,finely chopped (Note 3)
Italian Meatball Soup,5,garlic cloves,2,,minced
Italian Meatball Soup,5,Parmigiano-Reggiano,1/4,cup,"(or parmesan), freshly grated"
Italian Meatball Soup,5,salt,3/4,tsp,
Italian Meatball Soup,5,black pepper,1/4,tsp,
Italian Meatball Soup,5,olive oil,1 1/2,tbsp,
Italian Meatball Soup,5,onion,1,cup,"finely chopped (white, brown or yellow)"
Italian Meatball Soup,5,garlic cloves,2,,minced
Italian Meatball Soup,5,chicken broth / stock,2,cups,(or water)
Italian Meatball Soup,5,water,1,cup,
Italian Meatball Soup,5,passata,24 oz / 700g ,,(pureed tomato) (Note 4)
Italian Meatball Soup,5,canned tomato,28 oz / 800g ,,
Italian Meatball Soup,5,Italian mixed herbs,1,tbsp,(Note 5)
Italian Meatball Soup,5,garlic powder,2,tsp,(or onion powder)
Italian Meatball Soup,5,red pepper / chilli flakes,1 - 2,tsp,(optional)
Italian Meatball Soup,5,spaghetti,8 oz / 250g ,,"(dried, not fresh or cooked)"
Italian Meatball Soup,5,fresh basil leaves,1/4,cup,torn
Italian Meatball Soup,5,shredded mozzarella cheese,1/2 - 3/4,cup,
Italian Meatball Soup,5,Parmigiano-Reggiano,,,"(or parmesan), freshly grated"
Italian Fish with Salsa,2,ripe tomatoes,2,,deseeded and diced (Note 1)
Italian Fish with Salsa,2,fresh chili,1/2,tsp,finely chopped (or 1/4 tsp red pepper flakes)
Italian Fish with Salsa,2,extra virgin olive oil,2,tsp,
Italian Fish with Salsa,2,salt,1/4,tsp,
Italian Fish with Salsa,2,Black pepper,,,
Italian Fish with Salsa,2,", packed, basil leaves",1/4,cup,
Italian Fish with Salsa,2,eggplant,6,slices,"1cm / 1/2"" thick"
Italian Fish with Salsa,2,fish fillets,2,x 150g / 5oz ,(I used perch)
Italian Fish with Salsa,2,Salt and pepper,,,
Italian Fish with Salsa,2,plain flour,1,tbsp,
Italian Fish with Salsa,2,oil,1,tbsp,
Italian Fish with Salsa,2,sourdough bread,4,slices,toasted
Caprese Baked Eggs,4,olive oil,1,tbsp,
Caprese Baked Eggs,4,garlic cloves,2,,minced
Caprese Baked Eggs,4,small onion,½,,"diced (brown, white or yellow)"
Caprese Baked Eggs,4,can cannellini beans,14 oz / 400g ,,(or other beans of choice)
Caprese Baked Eggs,4,can crushed tomato,14 oz / 400g ,,
Caprese Baked Eggs,4,chicken broth/stock,¼,cup,(or water)
Caprese Baked Eggs,4,mixed Italian herbs,1,tbsp,dried (Note 1 for substitution)
Caprese Baked Eggs,4,sugar,½,tsp,(optional) (Note 2)
Caprese Baked Eggs,4,Salt and pepper,,,
Caprese Baked Eggs,4,cherry tomatoes,7 oz / 200g ,,(1/2 punnet)
Caprese Baked Eggs,4,basil leaves roughly torn,½,cup (packed) ,
Caprese Baked Eggs,4,bocconcini,6 oz / 180g ,,"sliced OR buffalo mozzarella, torn (Note 3)"
Caprese Baked Eggs,4,eggs,4,,
Caprese Baked Eggs,4,balsamic vinegar,2/3,cup,
Caprese Baked Eggs,4,brown sugar,2,tbsp,
Caprese Baked Eggs,4,Salt,,,
Caprese Baked Eggs,4,Toasted crusty bread slices,,,
Italian Sausage Ragu Sauce,8,olive oil,3,tbsp,separated
Italian Sausage Ragu Sauce,8,ground beef,1 lb / 500g ,,(mince) (not lean)
Italian Sausage Ragu Sauce,8,Italian pork sausages,0.8 lb / 400g ,,meat removed from casings (Note 1)
Italian Sausage Ragu Sauce,8,garlic cloves,3,,minced
Italian Sausage Ragu Sauce,8,large onion,1,,finely chopped (brown or white) (Note 2)
Italian Sausage Ragu Sauce,8,carrot,1,,finely chopped or shredded (Note 2)
Italian Sausage Ragu Sauce,8,large stalk of celery,1,,finely chopped (Note 2)
Italian Sausage Ragu Sauce,8,each dried thyme leaves and dried rosemary,1,tsp,
Italian Sausage Ragu Sauce,8,red wine,1,cup,(Note 3)
Italian Sausage Ragu Sauce,8,beef broth / stock,2,cups,
Italian Sausage Ragu Sauce,8,tomato paste,3,tbsp,
Italian Sausage Ragu Sauce,8,can crushed tomatoes,28 oz / 800 g ,,(Note 4)
Italian Sausage Ragu Sauce,8,bay leaves,2,,
Italian Sausage Ragu Sauce,8,salt,1,tsp,
Italian Sausage Ragu Sauce,8,Black pepper,,,
Italian Sausage Ragu Sauce,8,pasta of choice,8 oz / 250 g ,,"(I used pappardelle, the wide pasta pictured in the photos)"
Italian Sausage Ragu Sauce,8,Parmigiano-Reggiano,,,freshly grated
Alfredo Salmon Pasta,3,dried fettuccine,8 oz / 250g ,,
Alfredo Salmon Pasta,3,unsalted butter,3 tbsp / 50g,,
Alfredo Salmon Pasta,3,small shallot,1,,"(US) / eschallot (Australia), very finely minced (Note 1)"
Alfredo Salmon Pasta,3,heavy cream,½ cup / 125 ml,,(Note 2)
Alfredo Salmon Pasta,3,freshly grated Parmigiano Reggiano or parmesan,¾ cup / 185 ml,,(Notes 3 and 4)
Alfredo Salmon Pasta,3,salt,¼,teaspoon,
Alfredo Salmon Pasta,3,Good grind of black pepper,,,
Alfredo Salmon Pasta,3,hot smoked salmon fillet,6-7 oz / 180 - 200g ,,flaked (Note 5)
Alfredo Salmon Pasta,3,Fresh parsley,,,(optional)
Alfredo Salmon Pasta,3,Extra Parmigiano Reggiano,,,
Italian Meatloaf with Marinara Sauce,6,diced red bell pepper / capsicum,1 1/2,cups,(1 large)
Italian Meatloaf with Marinara Sauce,6,olive oil,1,tbsp,
Italian Meatloaf with Marinara Sauce,6,stale white bread,2,cups,"crusts removed, roughly diced (about 3 slices)"
Italian Meatloaf with Marinara Sauce,6,small onion,1,,
Italian Meatloaf with Marinara Sauce,6,cream,2,tbsp,(or milk)
Italian Meatloaf with Marinara Sauce,6,ground pork,13 oz / 400 g, ,(mince)
Italian Meatloaf with Marinara Sauce,6,ground beef,1.6lb / 800 g  ,,(mince)
Italian Meatloaf with Marinara Sauce,6,eggs,2,,
Italian Meatloaf with Marinara Sauce,6,fennel seeds,2 1/2,tsp,
Italian Meatloaf with Marinara Sauce,6,paprika,3,tsp,(sweet or smoked)
Italian Meatloaf with Marinara Sauce,6,salt,1 3/4,tsp,
Italian Meatloaf with Marinara Sauce,6,Pepper,,,
Italian Meatloaf with Marinara Sauce,6,olive oil,1,tbsp,
Italian Meatloaf with Marinara Sauce,6,garlic cloves,2,,minced
Italian Meatloaf with Marinara Sauce,6,onion,1/2,,"finely chopped (brown, white, yellow)"
Italian Meatloaf with Marinara Sauce,6,tomato passata or crushed tinned tomatoes,1.4 lb / 700 g ,,(Note 1)
Italian Meatloaf with Marinara Sauce,6,water,3/4,cup,
Italian Meatloaf with Marinara Sauce,6,dried Mixed Italian Herbs,2,tsp,
Italian Meatloaf with Marinara Sauce,6,red pepper flakes,1 - 3,tsp,(optional)
Italian Meatloaf with Marinara Sauce,6,Salt and pepper,,,
Cheesy Italian Arancini Balls,25,butter,2,tbsp,
Cheesy Italian Arancini Balls,25,garlic cloves,2,,minced
Cheesy Italian Arancini Balls,25,small onion,1,,"finely diced (white, yellow, brown)"
Cheesy Italian Arancini Balls,25,risotto rice,1 1/2,cups,(arborio)
Cheesy Italian Arancini Balls,25,white wine,1/2,cup,(or substitute with broth/stock or water)
Cheesy Italian Arancini Balls,25,chicken broth/stock,3 1/2,cups,
Cheesy Italian Arancini Balls,25,milk,1,cup,
Cheesy Italian Arancini Balls,25,egg,1,,
Cheesy Italian Arancini Balls,25,grated cheddar cheese,1,cup,
Cheesy Italian Arancini Balls,25,grated mozzarella cheese,3/4,cup,
Cheesy Italian Arancini Balls,25,finely chopped fresh parsley,2 1/2,tbsp,or 1 1/2 tbsp dried parsley (Note 1)
Cheesy Italian Arancini Balls,25,salt,1/2,tsp,
Cheesy Italian Arancini Balls,25,Pepper,,,
Cheesy Italian Arancini Balls,25,plain flour,1/2,cup,
Cheesy Italian Arancini Balls,25,salt,1/2,tsp,
Cheesy Italian Arancini Balls,25,Black pepper,,,
Cheesy Italian Arancini Balls,25,eggs,2,,
Cheesy Italian Arancini Balls,25,panko breadcrumbs,2,cups,
Cheesy Italian Arancini Balls,25,Cooking oil,,,(I used vegetable oil)
Garlic Butter Cauliflower Pasta with Pangrattato,3,bread,1 to 2,slices,"crusts removed, preferably stale (enough to make 1/2 cup)"
Garlic Butter Cauliflower Pasta with Pangrattato,3,Oil spray,,,(preferably olive oil)
Garlic Butter Cauliflower Pasta with Pangrattato,3,unsalted butter,2,tbsp,
Garlic Butter Cauliflower Pasta with Pangrattato,3,olive oil,1,tbsp,
Garlic Butter Cauliflower Pasta with Pangrattato,3,garlic cloves,2,,smashed (Note 1)
Garlic Butter Cauliflower Pasta with Pangrattato,3,large head of cauliflower,1/2,,"broken/cut into florets about 2""/5cm long (about 4 to 5 cups) (Note 2)"
Garlic Butter Cauliflower Pasta with Pangrattato,3,fettuccine,8 oz / 250 g ,,(or pasta of choice)
Garlic Butter Cauliflower Pasta with Pangrattato,3,red onion,1/2,,thinly sliced
Garlic Butter Cauliflower Pasta with Pangrattato,3,red chili flakes,1/2 to 1,tsp,
Garlic Butter Cauliflower Pasta with Pangrattato,3,lemon,1,,: 2 tbsp lemon juice + zest of 1/2 the lemon
Garlic Butter Cauliflower Pasta with Pangrattato,3,Salt & pepper,,,
Garlic Butter Cauliflower Pasta with Pangrattato,3,Parmesan cheese,,,freshly grated
Garlic Butter Cauliflower Pasta with Pangrattato,3,Fresh parsley,,,finely chopped (optional)
Easy Homemade Ricotta Gnocchi (from scratch),3, ricotta - ordinary supermarket ricotta,8 oz / 250g,,not expensive fresh Italian ricotta (Note 1)
Easy Homemade Ricotta Gnocchi (from scratch),3,freshly grated parmesan cheese,3/4 cup / 75 g,,(Note 2)
Easy Homemade Ricotta Gnocchi (from scratch),3,plain flour,3/4 to 1 cup / 112 - 150g,,plus more for dusting (Note 3)
Easy Homemade Ricotta Gnocchi (from scratch),3,egg,1,,
Easy Homemade Ricotta Gnocchi (from scratch),3,egg yolk,1,,
Easy Homemade Ricotta Gnocchi (from scratch),3,salt,1/4,tsp,
Easy Homemade Ricotta Gnocchi (from scratch),3,Black pepper,,,
Easy Homemade Ricotta Gnocchi (from scratch),3,unsalted butter,4 tbsp / 60 g,,
Easy Homemade Ricotta Gnocchi (from scratch),3,salt,1/4,tsp,(or omit if using salted butter)
Easy Homemade Ricotta Gnocchi (from scratch),3,Black pepper,,,
Easy Homemade Ricotta Gnocchi (from scratch),3,olive oil,2,tbsp,
Easy Homemade Ricotta Gnocchi (from scratch),3,garlic cloves,3,,minced
Easy Homemade Ricotta Gnocchi (from scratch),3,brown onion,1/2,,finely diced
Easy Homemade Ricotta Gnocchi (from scratch),3,canned crushed tomatoes,28 oz / 800 g ,,
Easy Homemade Ricotta Gnocchi (from scratch),3,mixed dried Italian herbs,1,tbsp,"(or any combination of dried parsley, basil, oregano and thyme)"
Easy Homemade Ricotta Gnocchi (from scratch),3,salt,1,tsp,
Easy Homemade Ricotta Gnocchi (from scratch),3,Black pepper,,,
Easy Homemade Ricotta Gnocchi (from scratch),3,Freshly grated parmesan,,,
Easy Homemade Ricotta Gnocchi (from scratch),3,Fresh parsley,,,finely chopped (optional)
Italian Dressing Chicken Marinade,4,white wine vinegar,4 1/2,tbsp,(Note 1)
Italian Dressing Chicken Marinade,4,garlic,2,cloves,
Italian Dressing Chicken Marinade,4,extra virgin olive oil,2,tbsp,
Italian Dressing Chicken Marinade,4,dijon mustard,1,tbsp,
Italian Dressing Chicken Marinade,4,sugar,1 1/2,tsp,
Italian Dressing Chicken Marinade,4,salt,1,tsp,
Italian Dressing Chicken Marinade,4,Black pepper,,,
Italian Dressing Chicken Marinade,4,olive oil,1/2,tbsp,
Italian Dressing Chicken Marinade,4,mixed Italian dried herbs,2 1/2,tsp,"(either a packet mix or mix herbs like basil, parsley, oregano, rosemary and thyme)"
Italian Dressing Chicken Marinade,4,dried red chili flakes,1,tsp,(optional)
Italian Dressing Chicken Marinade,4,"chicken thighs, boneless skinless, or breast",750 g / 1.5lb,,(cut in half horizontally)
Italian Dressing Chicken Marinade,4,extra virgin olive oil,1,tbsp,
Italian Dressing Chicken Marinade,4,zucchinis,2,,finely sliced into rounds using a mandolin
Italian Dressing Chicken Marinade,4,baby mint leaves,2,tbsp,or 1 tbsp sliced larger mint leaves
One Pot Orzo / Risoni Bolognaise,4,olive oil,1,tbsp,
One Pot Orzo / Risoni Bolognaise,4,of garlic,2,cloves,minced
One Pot Orzo / Risoni Bolognaise,4,small onion,1,,"peeled and diced (brown, white or yellow)"
One Pot Orzo / Risoni Bolognaise,4,ground beef,1 lb / 500g ,,(mince)
One Pot Orzo / Risoni Bolognaise,4,tomato passata,24 oz / 700g ,,(Note 3)
One Pot Orzo / Risoni Bolognaise,4,Worcestershire sauce,2,tsp,
One Pot Orzo / Risoni Bolognaise,4,dried Italian Herbs,2,tsp,"or any combination of dried parsley, oregano, basil"
One Pot Orzo / Risoni Bolognaise,4,beef bouillon cubes,2,,(Note 1)
One Pot Orzo / Risoni Bolognaise,4,salt,1/2 to 1,tsp,(to taste)
One Pot Orzo / Risoni Bolognaise,4,Black pepper,,,
One Pot Orzo / Risoni Bolognaise,4,water,3,cups,
One Pot Orzo / Risoni Bolognaise,4,dried orzo / risoni,1 1/2,cups,
One Pot Orzo / Risoni Bolognaise,4,Freshly grated parmesan cheese,,,
One Pot Orzo / Risoni Bolognaise,4,Finely chopped parsley,,,
One Pot Creamy Baked Risotto with Lemon Pepper Chicken,5,olive oil,1/2,tbsp,
One Pot Creamy Baked Risotto with Lemon Pepper Chicken,5,chicken thighs,2 lb / 1 kg ,,skin on and bone in (5 pieces) (Note 1)
One Pot Creamy Baked Risotto with Lemon Pepper Chicken,5,Lemon Pepper Seasoning,2 - 3,tbsp,(Note 2)
One Pot Creamy Baked Risotto with Lemon Pepper Chicken,5,butter,2,tbsp,
One Pot Creamy Baked Risotto with Lemon Pepper Chicken,5,garlic cloves,4,,minced
One Pot Creamy Baked Risotto with Lemon Pepper Chicken,5,onion,1,,finely diced
One Pot Creamy Baked Risotto with Lemon Pepper Chicken,5,risotto rice,1 1/2,cups,(arborio)
One Pot Creamy Baked Risotto with Lemon Pepper Chicken,5,white wine,1/2,cup,any (or stock or water)
One Pot Creamy Baked Risotto with Lemon Pepper Chicken,5,chicken broth,4,cups,(stock)
One Pot Creamy Baked Risotto with Lemon Pepper Chicken,5,milk,1,cup,(I use low fat)
One Pot Creamy Baked Risotto with Lemon Pepper Chicken,5,salt,1/2,tsp,
One Pot Creamy Baked Risotto with Lemon Pepper Chicken,5,Black pepper,,,
One Pot Creamy Baked Risotto with Lemon Pepper Chicken,5,freshly grated parmesan,1,cup,(lightly packed)
One Pot Creamy Baked Risotto with Lemon Pepper Chicken,5,butter,2,tbsp,
One Pot Creamy Baked Risotto with Lemon Pepper Chicken,5,milk,1/2 to 1,cup,(preferably warmed)
One Pot Creamy Baked Risotto with Lemon Pepper Chicken,5,Fresh thyme leaves,,,"or finely chopped parsley, chives or oregano (optional)"
Fettuccine Alfredo,3,dried fettuccine,8 oz / 250g ,,
Fettuccine Alfredo,3,unsalted butter,3,tbsp,
Fettuccine Alfredo,3,small shallot,1,,very finely minced (eschallot in Australia) (Note 1)
Fettuccine Alfredo,3,heavy cream,1/2,cup,(Note 2)
Fettuccine Alfredo,3,freshly grated Parmigiano Reggiano or parmesan,3/4,cup,(Notes 3 and 4)
Fettuccine Alfredo,3,salt,1/4,tsp,
Fettuccine Alfredo,3,Good grind of black pepper,,,
Fettuccine Alfredo,3,Fresh parsley,,,(optional)
Fettuccine Alfredo,3,Extra Parmigiano Reggiano,,,
Leftover Pasta Fritters,12,"cold leftover pasta (sauce and pasta mixed together), packed (Note 1)",3,cups (packed) ,
Leftover Pasta Fritters,12,eggs,2,,
Leftover Pasta Fritters,12,breadcrumbs,3/4 to 1 1/4,cups,(I used panko breadcrumbs)
Leftover Pasta Fritters,12,grated cheese,1/2,cup,(optional) (Note 2)
Leftover Pasta Fritters,12,Salt and pepper,,,to taste
Leftover Pasta Fritters,12,olive oil,2,tbsp,
Italian Sausage Quiche,8,Oil spray,,,
Italian Sausage Quiche,8,sheets frozen shortcut pastry,1 1/2,,"(Note 1), thawed OR one 9""/23cm ready made pie crust"
Italian Sausage Quiche,8,olive oil,1,tbsp,
Italian Sausage Quiche,8,garlic cloves,2,,minced
Italian Sausage Quiche,8,small onion,1,,"diced (brown, white, yellow)"
Italian Sausage Quiche,8,Italian sausages,12 oz / 350g ,,casings removed
Italian Sausage Quiche,8,eggs,6,,
Italian Sausage Quiche,8,milk,1,cup,
Italian Sausage Quiche,8,dried Mixed Italian Herbs,1,tbsp,(Note 2)
Italian Sausage Quiche,8,salt,1,tsp,
Italian Sausage Quiche,8,black pepper,1/2,tsp,
Italian Sausage Quiche,8,grated cheddar cheese,1,cup,"(or tasty, provolone, monterey jack or any other flavoured melting cheese)"
Italian Sausage Quiche,8,cherry tomatoes,2/3,cup,halved and seeds scooped out
One Pot Lasagna,5,olive oil,1,tbsp,
One Pot Lasagna,5,garlic cloves,2,,minced
One Pot Lasagna,5,onion,1,small ,diced
One Pot Lasagna,5,ground beef,1 lb / 500g ,,(mince)
One Pot Lasagna,5,tomato passata ,24 oz / 700g (1 bottle) ,,"(pureed tomato - Note 1), SEPARATED"
One Pot Lasagna,5,water,1/2,cup,
One Pot Lasagna,5,beef bouillon stock cube,1,,(or substitute with chicken)
One Pot Lasagna,5,tomato paste,2,tbsp,
One Pot Lasagna,5,dried Italian herb mix,1,tsp,(Note 2)
One Pot Lasagna,5,salt,1/2,tsp,
One Pot Lasagna,5,Black pepper,,,
One Pot Lasagna,5,dried Italian herb mix,1,tsp,(Note 2)
One Pot Lasagna,5,garlic powder,1/2,tsp,(or 1 crushed garlic clove)
One Pot Lasagna,5,salt,1/2,tsp,
One Pot Lasagna,5,Black pepper,,,
One Pot Lasagna,5,dried lasagna,4,sheets ,
One Pot Lasagna,5,grated mozzarella cheese,1 to 2,cups,
One Pot Lasagna,5,parsley,1,tbsp,finely chopped (optional)
Spicy Italian Breakfast Roll Ups (Breakfast On The Go / Mini Taquitos),8,olive oil,1/2,tbsp,
Spicy Italian Breakfast Roll Ups (Breakfast On The Go / Mini Taquitos),8,spicy Italian Sausages,10 oz / 300g ,,(Note 1)
Spicy Italian Breakfast Roll Ups (Breakfast On The Go / Mini Taquitos),8,butter,1,tbsp,
Spicy Italian Breakfast Roll Ups (Breakfast On The Go / Mini Taquitos),8,onion,1,small,"diced (brown, yellow, white, spanish)"
Spicy Italian Breakfast Roll Ups (Breakfast On The Go / Mini Taquitos),8,birds eye chillis,3,,sliced (adjust amount to taste - Note 2)
Spicy Italian Breakfast Roll Ups (Breakfast On The Go / Mini Taquitos),8,garlic,2,cloves,
Spicy Italian Breakfast Roll Ups (Breakfast On The Go / Mini Taquitos),8,eggs,6,,
Spicy Italian Breakfast Roll Ups (Breakfast On The Go / Mini Taquitos),8,milk,1,tbsp,
Spicy Italian Breakfast Roll Ups (Breakfast On The Go / Mini Taquitos),8,salt,3/4,tsp,
Spicy Italian Breakfast Roll Ups (Breakfast On The Go / Mini Taquitos),8,Black pepper,,,
Spicy Italian Breakfast Roll Ups (Breakfast On The Go / Mini Taquitos),8,grated cheese,3/4,cup,"(I used cheddar, any other flavoured cheese that melts works fine)"
Spicy Italian Breakfast Roll Ups (Breakfast On The Go / Mini Taquitos),8,fresh basil leaves,1/4,cup,"thinly sliced (or sub with 1 tbsp dried Italian herbs - basil, parsley, oregano)"
Spicy Italian Breakfast Roll Ups (Breakfast On The Go / Mini Taquitos),8,tortillas,8,small,"corn or flour (around 6"" / 12 cm rounds)"
Spicy Italian Breakfast Roll Ups (Breakfast On The Go / Mini Taquitos),8,Olive oil,,,for brushing
Shrimp / Prawn Pasta with Lemon,4,large,1 lb / 500g ,,"raw, unpeeled prawns/shrimp"
Shrimp / Prawn Pasta with Lemon,4,garlic cloves,2,,minced
Shrimp / Prawn Pasta with Lemon,4,extra virgin olive oil,2,tbsp,
Shrimp / Prawn Pasta with Lemon,4,chicken or fish stock/broth,1,cup,(or vegetable)
Shrimp / Prawn Pasta with Lemon,4,water,1 1/2,cups,
Shrimp / Prawn Pasta with Lemon,4,white wine,1/2,cup,(optional - sub with water)
Shrimp / Prawn Pasta with Lemon,4,onion,1/2,,roughly chopped
Shrimp / Prawn Pasta with Lemon,4,spaghetti,400 g / 13oz ,,
Shrimp / Prawn Pasta with Lemon,4,pasta cooking water,3/4,cup,(i.e. scoop it out once the pasta is cooked)
Shrimp / Prawn Pasta with Lemon,4,extra virgin olive oil,3,tbsp,plus extra for drizzling
Shrimp / Prawn Pasta with Lemon,4,garlic clove,1,,minced
Shrimp / Prawn Pasta with Lemon,4,punnets cherry tomatoes,1 1/2,,"cut in half (or 3 large tomatoes, diced)"
Shrimp / Prawn Pasta with Lemon,4,large lemon,1,,"(or 1 1/2 small lemons), zest and juice"
Shrimp / Prawn Pasta with Lemon,4,fresh parsley,3,tbsp,finely chopped
Shrimp / Prawn Pasta with Lemon,4,dried chili flakes,2,tsp,(optional)
Shrimp / Prawn Pasta with Lemon,4,Salt,,,
Shrimp / Prawn Pasta with Lemon,4,Black pepper,,,
Shrimp / Prawn Pasta with Lemon,4,Extra lemon wedges,,,
Shrimp / Prawn Pasta with Lemon,4,Extra fresh parsley,,,finely chopped
"Beef Cheek Ragu Pasta (1 Recipe, 3 Ways)",4,dried spaghetti,350 g / 12 oz ,,
"Beef Cheek Ragu Pasta (1 Recipe, 3 Ways)",4,leftover beef from Slow Cooked Beef Cheeks in Red Wine,2,cups,shredded
"Beef Cheek Ragu Pasta (1 Recipe, 3 Ways)",4,Sauce of Slow Cooked Beef Cheeks in Red Wine,1,cup,
"Beef Cheek Ragu Pasta (1 Recipe, 3 Ways)",4,onion,1,,"(brown, white or yellow), diced"
"Beef Cheek Ragu Pasta (1 Recipe, 3 Ways)",4,garlic cloves,2,,minced
"Beef Cheek Ragu Pasta (1 Recipe, 3 Ways)",4,olive oil,2,tbsp,
"Beef Cheek Ragu Pasta (1 Recipe, 3 Ways)",4,crushed tomato,2,cups,(canned)
"Beef Cheek Ragu Pasta (1 Recipe, 3 Ways)",4,tomato paste,3,tbsp,
"Beef Cheek Ragu Pasta (1 Recipe, 3 Ways)",4,water,1/2,cup,
"Beef Cheek Ragu Pasta (1 Recipe, 3 Ways)",4,salt,1 to 2,tsp,(adjust to taste)
"Beef Cheek Ragu Pasta (1 Recipe, 3 Ways)",4,Black pepper,,,
"Beef Cheek Ragu Pasta (1 Recipe, 3 Ways)",4,Freshly grated parmesan cheese,,,
"Beef Cheek Ragu Pasta (1 Recipe, 3 Ways)",4,Parsley,,,finely chopped
Slow Cooker Marinara Sauce,6,cans,2,,(800g/28oz each can) crushed tomatoes (see notes)
Slow Cooker Marinara Sauce,6,tomato paste,1 can (170 g / 6 oz) ,,
Slow Cooker Marinara Sauce,6,medium brown onion,1,,"(or white or yellow), diced"
Slow Cooker Marinara Sauce,6,garlic cloves,2,,minced
Slow Cooker Marinara Sauce,6,bay leaves,2,,(dried or fresh)
Slow Cooker Marinara Sauce,6,brown sugar,1,tbsp,(or honey)
Slow Cooker Marinara Sauce,6,dried basil,1,tbsp,
Slow Cooker Marinara Sauce,6,dried oregano,2,tsp,
Slow Cooker Marinara Sauce,6,olive oil,2,tbsp,
Slow Cooker Marinara Sauce,6,balsamic vinegar,1,tbsp,
Slow Cooker Marinara Sauce,6,salt,1 1/2,tsp,
Slow Cooker Marinara Sauce,6,black pepper,1/2,tsp,
Baked Pumpkin Arancini Balls,12,leftover risotto,3,cups,(see note 1)
Baked Pumpkin Arancini Balls,12,egg,1,,
Baked Pumpkin Arancini Balls,12,grated cheese,1/3,cup,"(tasty, cheddar, mozzarella or any other good melting cheese)"
Baked Pumpkin Arancini Balls,12,plain breadcrumbs,1/3,cup,(Optional - to thicken the risotto. May not be required - see note 2)
Baked Pumpkin Arancini Balls,12,panko breadcrumbs,1 1/2,cups,
Baked Pumpkin Arancini Balls,12,salt,1/2,tsp,
Baked Pumpkin Arancini Balls,12,olive oil,3,tbsp,
"Pea, Cabbage, Parmesan and Mint Salad",4,frozen peas,1,cup,blanched
"Pea, Cabbage, Parmesan and Mint Salad",4,green or white cabbage,3,cups,finely sliced
"Pea, Cabbage, Parmesan and Mint Salad",4,mint leaves,1/2,cup,(loosely packed)
"Pea, Cabbage, Parmesan and Mint Salad",4,parsley leaves,1/2,cup,(loosely packed)
"Pea, Cabbage, Parmesan and Mint Salad",4,radishes,4,,finely sliced
"Pea, Cabbage, Parmesan and Mint Salad",4,parmesan,1/3,cup,
"Pea, Cabbage, Parmesan and Mint Salad",4,lemon juice,2,tbsp,
"Pea, Cabbage, Parmesan and Mint Salad",4,extra virgin olive oil,3,tbsp,
"Pea, Cabbage, Parmesan and Mint Salad",4,salt,1/4,tsp,
"Pea, Cabbage, Parmesan and Mint Salad",4,Black pepper,,,
Trio of Bruschetta: Lemon Cannellini Bean Bruschetta,4,of good quality crusty bread like sourdough or ciabatta,4,slices,"sliced 1cm/0.5"" thick, preferably slightly stale"
Trio of Bruschetta: Lemon Cannellini Bean Bruschetta,4,garlic clove,1,,halved (unpeeled)
Trio of Bruschetta: Lemon Cannellini Bean Bruschetta,4,Extra virgin olive oil,,,for drizzling
Trio of Bruschetta: Lemon Cannellini Bean Bruschetta,4,can cannellini beans,1,,(15oz/420g)
Trio of Bruschetta: Lemon Cannellini Bean Bruschetta,4,Zest of half a lemon,,,
Trio of Bruschetta: Lemon Cannellini Bean Bruschetta,4,lemon juice,1 1/2,tbsp,
Trio of Bruschetta: Lemon Cannellini Bean Bruschetta,4,parsley,1,tbsp,"finely chopped, plus extra to garnish"
Trio of Bruschetta: Lemon Cannellini Bean Bruschetta,4,Salt and pepper,,,
Trio of Bruschetta: Celery and Lime Bruschetta,4,of good quality crusty bread like sourdough or ciabatta,4,slices,"sliced 1cm/0.5"" thick, preferably slightly stale"
Trio of Bruschetta: Celery and Lime Bruschetta,4,garlic clove,1,,halved (unpeeled)
Trio of Bruschetta: Celery and Lime Bruschetta,4,large sticks of celery,6,,
Trio of Bruschetta: Celery and Lime Bruschetta,4,garlic clove,1,,peeled
Trio of Bruschetta: Celery and Lime Bruschetta,4,extra virgin olive oil,4,tbsp,
Trio of Bruschetta: Celery and Lime Bruschetta,4,lime juice,1,tbsp,
Trio of Bruschetta: Celery and Lime Bruschetta,4,salt,1/4,tsp,plus more to taste
Trio of Bruschetta: Celery and Lime Bruschetta,4,Black pepper,,,
8 Quick and Easy Pasta Recipes,6,dried spaghetti,1 lb/500 g ,,(or other long pasta)
8 Quick and Easy Pasta Recipes,6,extra virgin olive oil,1/2,cup,
8 Quick and Easy Pasta Recipes,6,garlic cloves,10,,sliced
8 Quick and Easy Pasta Recipes,6,red chilli flakes,1,tbsp,
8 Quick and Easy Pasta Recipes,6,chopped parsley,1/4,cup,
8 Quick and Easy Pasta Recipes,6,extra virgin olive oil,1/4,cup,
8 Quick and Easy Pasta Recipes,6,garlic cloves,2,,crushed
8 Quick and Easy Pasta Recipes,6,crushed tinned tomatoes,21 oz / 600g ,,
8 Quick and Easy Pasta Recipes,6,chilli flakes,2,tbsp,
8 Quick and Easy Pasta Recipes,6,chopped parsley,1/4,cup,
8 Quick and Easy Pasta Recipes,6,extra virgin olive oil,1/3,cup,
8 Quick and Easy Pasta Recipes,6,garlic cloves,2,,crushed
8 Quick and Easy Pasta Recipes,6,anchovies,2,tbsp,finely chopped
8 Quick and Easy Pasta Recipes,6,red chilli flakes,1,tbsp,
8 Quick and Easy Pasta Recipes,6,chopped parsley,1/4,cup,
8 Quick and Easy Pasta Recipes,6,extra virgin olive oil,2,tbsp,
8 Quick and Easy Pasta Recipes,6,garlic cloves,2,,crushed
8 Quick and Easy Pasta Recipes,6,brown onion,1/2,,diced
8 Quick and Easy Pasta Recipes,6,crushed tinned tomatoes,14 oz/400g ,,
8 Quick and Easy Pasta Recipes,6,red chilli flakes,1/2,tsp,
8 Quick and Easy Pasta Recipes,6,thinly sliced guanciale,6 oz/ 180g ,,or diced pancetta or bacon
8 Quick and Easy Pasta Recipes,6,extra virgin olive oil,4,tbsp,
8 Quick and Easy Pasta Recipes,6,garlic cloves,2,,crushed
8 Quick and Easy Pasta Recipes,6,fresh cherry tomatoes,24 oz/800g ,,halved
8 Quick and Easy Pasta Recipes,6,fresh basil,1/4,cup,lightly packed
8 Quick and Easy Pasta Recipes,6,olive oil,1/4,cup,
8 Quick and Easy Pasta Recipes,6,garlic cloves,3,,crushed
8 Quick and Easy Pasta Recipes,6,brown onion,1,,diced
8 Quick and Easy Pasta Recipes,6,crushed tinned tomatoes,28 oz / 800g ,,
8 Quick and Easy Pasta Recipes,6,fresh basil,1/4,cup,lightly packed
8 Quick and Easy Pasta Recipes,6,extra virgin olive oil,1/4,cup,
8 Quick and Easy Pasta Recipes,6,garlic cloves,2,,crushed
8 Quick and Easy Pasta Recipes,6,crushed tinned tomatoes,14 oz/400g ,,
8 Quick and Easy Pasta Recipes,6,red chilli flakes,1/2,tbsp,
8 Quick and Easy Pasta Recipes,6,black sliced olives,4 oz/100g ,,
8 Quick and Easy Pasta Recipes,6,capers,2,tbsp,
8 Quick and Easy Pasta Recipes,6,chopped parsley,1/4,cup,
8 Quick and Easy Pasta Recipes,6,extra virgin olive oil,1/4,cup,
8 Quick and Easy Pasta Recipes,6,garlic cloves,2,,crushed
8 Quick and Easy Pasta Recipes,6,brown onion,1/2,,diced
8 Quick and Easy Pasta Recipes,6,crushed tinned tomatoes,14 oz/400g ,,
8 Quick and Easy Pasta Recipes,6,tinned tuna,5 oz/150g ,,
8 Quick and Easy Pasta Recipes,6,chopped parsley,1/4,cup,
Watermelon Salad,4,watermelon,1 kg / 2 lbs ,,
Watermelon Salad,4,small Spanish red onion,1,,finely sliced
Watermelon Salad,4,red wine vinegar,3,tbsp,
Watermelon Salad,4,Salt and pepper,,,
Watermelon Salad,4,extra virgin olive oil,5,tbsp,
Watermelon Salad,4,fresh mint,1 1/2,tbs,roughly chopped
Watermelon Salad,4,Danish feta cheese,75 g / 3 oz ,,crumbled into medium size pieces
Watermelon Salad,4,Whole mint sprigs,,,to garnish
Tomato and Artichoke Salad with Capers,2,tomatos,3 to 4,,"sliced into 1/3""/0.5cm slices"
Tomato and Artichoke Salad with Capers,2,baby capers,1,tbsp,or ordinary capers roughly chopped
Tomato and Artichoke Salad with Capers,2,Few tinned artichokes,,,roughly chopped
Tomato and Artichoke Salad with Capers,2,red spanish onion,1/4,,finely sliced
Tomato and Artichoke Salad with Capers,2,salt flakes,1 1/2,tsp,
Tomato and Artichoke Salad with Capers,2,Fresh pepper,,,
Tomato and Artichoke Salad with Capers,2,olive oil,2,tbsp,
Tomato and Artichoke Salad with Capers,2,lemon,1/2,,juice only
Tomato and Artichoke Salad with Capers,2,fresh oregano leaves,2,tbsp,(or other herb of your choice)
